id,name,director_actor,info,rating_score,rating_num,introduce,imgurl,recommend_score
1,肖申克的救赎,导演:弗兰克・德拉邦特FrankDarabont主演:蒂姆・罗宾斯TimRobbins...,1994/美国/犯罪剧情,9.7,2255328人评价,希望让人自由。,https://img2.doubanio.com/view/photo/s_ratio_poster/public/p480747492.jpg,0.83802
2,霸王别姬,导演:陈凯歌KaigeChen主演:张国荣LeslieCheung张丰毅FengyiZha...,1993/中国大陆中国香港/剧情爱情同性,9.6,1674540人评价,风华绝代。,https://img3.doubanio.com/view/photo/s_ratio_poster/public/p2561716440.jpg,0.87562
3,阿甘正传,导演:罗伯特・泽米吉斯RobertZemeckis主演:汤姆・汉克斯TomHanks...,1994/美国/剧情爱情,9.5,1698361人评价,一部美国近现代史。,https://img2.doubanio.com/view/photo/s_ratio_poster/public/p2372307693.jpg,0.87205
4,这个杀手不太冷,导演:吕克・贝松LucBesson主演:让・雷诺JeanReno娜塔莉・波特曼...,1994/法国美国/剧情动作犯罪,9.4,1882512人评价,怪蜀黍和小萝莉不得不说的故事。,https://img3.doubanio.com/view/photo/s_ratio_poster/public/p511118051.jpg,0.87521
5,泰坦尼克号,导演:詹姆斯・卡梅隆JamesCameron主演:莱昂纳多・迪卡普里奥Leonardo...,1997/美国/剧情爱情灾难,9.4,1657261人评价,失去的才是永恒的。 ,https://img9.doubanio.com/view/photo/s_ratio_poster/public/p457760035.jpg,0.89614
6,美丽人生,导演:罗伯托・贝尼尼RobertoBenigni主演:罗伯托・贝尼尼RobertoBeni...,1997/意大利/剧情喜剧爱情战争,9.5,1049706人评价,最美的谎言。,https://img2.doubanio.com/view/photo/s_ratio_poster/public/p2578474613.jpg,0.92123
7,千与千寻,导演:宫崎骏HayaoMiyazaki主演:艾美RumiH?ragi入野自由Miy...,2001/日本/剧情动画奇幻,9.4,1775474人评价,最好的宫崎骏，最好的久石让。 ,https://img1.doubanio.com/view/photo/s_ratio_poster/public/p2557573348.jpg,0.88581
8,辛德勒的名单,导演:史蒂文・斯皮尔伯格StevenSpielberg主演:连姆・尼森LiamNeeson...,1993/美国/剧情历史战争,9.5,867000人评价,拯救一个人，就是拯救整个世界。,https://img2.doubanio.com/view/photo/s_ratio_poster/public/p492406163.jpg,0.91474
9,盗梦空间,导演:克里斯托弗・诺兰ChristopherNolan主演:莱昂纳多・迪卡普里奥Le...,2010/美国英国/剧情科幻悬疑冒险,9.3,1648062人评价,诺兰给了我们一场无法盗取的梦。,https://img2.doubanio.com/view/photo/s_ratio_poster/public/p2616355133.jpg,0.78733
10,忠犬八公的故事,导演:莱塞・霍尔斯道姆LasseHallstr?m主演:理查・基尔RichardGer...,2009/美国英国/剧情,9.4,1127847人评价,永远都不能忘记你所爱的人。,https://img1.doubanio.com/view/photo/s_ratio_poster/public/p524964039.jpg,0.89084
11,星际穿越,导演:克里斯托弗・诺兰ChristopherNolan主演:马修・麦康纳MatthewMc...,2014/美国英国加拿大/剧情科幻冒险,9.3,1320141人评价,爱是一种力量，让我们超越时空感知它的存在。,https://img1.doubanio.com/view/photo/s_ratio_poster/public/p2614988097.jpg,0.82471
12,海上钢琴师,导演:朱塞佩・托纳多雷GiuseppeTornatore主演:蒂姆・罗斯TimRoth...,1998/意大利/剧情音乐,9.3,1341728人评价,每个人都要走一条自己坚定了的路，就算是粉身碎骨。 ,https://img9.doubanio.com/view/photo/s_ratio_poster/public/p2574551676.jpg,0.86192
13,楚门的世界,导演:彼得・威尔PeterWeir主演:金・凯瑞JimCarrey劳拉・琳妮Lau...,1998/美国/剧情科幻,9.3,1232490人评价,如果再也不能见到你，祝你早安，午安，晚安。,https://img2.doubanio.com/view/photo/s_ratio_poster/public/p479682972.jpg,0.90128
14,三傻大闹宝莱坞,导演:拉库马・希拉尼RajkumarHirani主演:阿米尔・汗AamirKhan卡...,2009/印度/剧情喜剧爱情歌舞,9.2,1502069人评价,英俊版憨豆，高情商版谢耳朵。,https://img3.doubanio.com/view/photo/s_ratio_poster/public/p579729551.jpg,0.81467
15,机器人总动员,导演:安德鲁・斯坦顿AndrewStanton主演:本・贝尔特BenBurtt艾丽...,2008/美国/科幻动画冒险,9.3,1060137人评价,小瓦力，大人生。,https://img3.doubanio.com/view/photo/s_ratio_poster/public/p1461851991.jpg,0.83576
16,放牛班的春天,导演:克里斯托夫・巴拉蒂ChristopheBarratier主演:热拉尔・朱尼奥Gé...,2004/法国瑞士德国/剧情音乐,9.3,1041842人评价,天籁一般的童声，是最接近上帝的存在。 ,https://img3.doubanio.com/view/photo/s_ratio_poster/public/p1910824951.jpg,0.92611
17,大话西游之大圣娶亲,导演:刘镇伟JeffreyLau主演:周星驰StephenChow吴孟达ManTatNg...,1995/中国香港中国大陆/喜剧爱情奇幻古装,9.2,1206946人评价,一生所爱。,https://img9.doubanio.com/view/photo/s_ratio_poster/public/p2455050536.jpg,0.86498
18,疯狂动物城,导演:拜伦・霍华德ByronHoward瑞奇・摩尔RichMoore主演:金妮弗・...,2016/美国/喜剧动画冒险,9.2,1459336人评价,迪士尼给我们营造的乌托邦就是这样，永远善良勇敢，永远出乎意料。,https://img1.doubanio.com/view/photo/s_ratio_poster/public/p2614500649.jpg,0.90093
19,熔炉,导演:黄东赫Dong-hyukHwang主演:孔侑YooGong郑有美Yu-miJung...,2011/韩国/剧情,9.3,737645人评价,我们一路奋战不是为了改变世界，而是为了不让世界改变我们。,https://img9.doubanio.com/view/photo/s_ratio_poster/public/p1363250216.jpg,0.87109
20,无间道,导演:刘伟强麦兆辉主演:刘德华梁朝伟黄秋生,2002/中国香港/剧情犯罪悬疑,9.2,997255人评价,香港电影史上永不过时的杰作。,https://img2.doubanio.com/view/photo/s_ratio_poster/public/p2564556863.jpg,0.84994
21,教父,导演:弗朗西斯・福特・科波拉FrancisFordCoppola主演:马龙・白兰度M...,1972/美国/剧情犯罪,9.3,737299人评价,千万不要记恨你的对手，这样会让你失去理智。,https://img9.doubanio.com/view/photo/s_ratio_poster/public/p616779645.jpg,0.84389
22,当幸福来敲门,导演:加布里尔・穆奇诺GabrieleMuccino主演:威尔・史密斯WillSmith...,2006/美国/剧情传记家庭,9.1,1208479人评价,平民励志片。 ,https://img9.doubanio.com/view/photo/s_ratio_poster/public/p2614359276.jpg,0.81577
23,龙猫,导演:宫崎骏HayaoMiyazaki主演:日高法子NorikoHidaka坂本千夏Ch...,1988/日本/动画奇幻冒险,9.2,1006856人评价,人人心中都有个龙猫，童年就永远不会消失。,https://img9.doubanio.com/view/photo/s_ratio_poster/public/p2540924496.jpg,0.92661
24,怦然心动,导演:罗伯・莱纳RobReiner主演:玛德琳・卡罗尔MadelineCarroll卡...,2010/美国/剧情喜剧爱情,9.1,1417357人评价,真正的幸福是来自内心深处。,https://img1.doubanio.com/view/photo/s_ratio_poster/public/p501177648.jpg,0.88397
25,控方证人,导演:比利・怀尔德BillyWilder主演:泰隆・鲍华TyronePower玛琳・...,1957/美国/剧情犯罪悬疑,9.6,340360人评价,比利・怀德满分作品。,https://img1.doubanio.com/view/photo/s_ratio_poster/public/p1505392928.jpg,0.95118
26,触不可及,导演:奥利维・那卡什OlivierNakache艾力克・托兰达EricToledano主...,2011/法国/剧情喜剧,9.2,783618人评价,满满温情的高雅喜剧。,https://img9.doubanio.com/view/photo/s_ratio_poster/public/p1454261925.jpg,0.87965
27,蝙蝠侠：黑暗骑士,导演:克里斯托弗・诺兰ChristopherNolan主演:克里斯蒂安・贝尔Christ...,2008/美国英国/剧情动作科幻犯罪惊悚,9.2,820895人评价,无尽的黑暗。,https://img2.doubanio.com/view/photo/s_ratio_poster/public/p462657443.jpg,0.81361
28,活着,导演:张艺谋YimouZhang主演:葛优YouGe巩俐LiGong姜武WuJiang,1994/中国大陆中国香港/剧情历史家庭,9.3,638050人评价,张艺谋最好的电影。,https://img2.doubanio.com/view/photo/s_ratio_poster/public/p2524040532.jpg,0.85737
29,末代皇帝,导演:贝纳尔多・贝托鲁奇BernardoBertolucci主演:尊龙JohnLone陈...,1987/英国意大利中国大陆法国/剧情传记历史,9.3,617168人评价,“不要跟我比惨，我比你更惨”再适合这部电影不过了。,https://img2.doubanio.com/view/photo/s_ratio_poster/public/p452089833.jpg,0.89355
30,寻梦环游记,导演:李・昂克里奇LeeUnkrich阿德里安・莫利纳AdrianMolina主演:...,2017/美国/喜剧动画奇幻音乐,9.1,1235832人评价,死亡不是真的逝去，遗忘才是永恒的消亡。,https://img9.doubanio.com/view/photo/s_ratio_poster/public/p2614500706.jpg,0.85793
31,乱世佳人,导演:维克多・弗莱明VictorFleming乔治・库克GeorgeCukor主演:费...,1939/美国/剧情历史爱情战争,9.3,541518人评价,Tomorrow is another day.,https://img3.doubanio.com/view/photo/s_ratio_poster/public/p1963126880.jpg,0.86971
32,何以为家,导演:娜丁・拉巴基NadineLabaki主演:扎因・拉费阿Zainal-Rafeea...,2018/黎巴嫩法国美国/剧情,9.1,779589人评价,凝视卑弱生命，用电影改变命运。,https://img1.doubanio.com/view/photo/s_ratio_poster/public/p2555295759.jpg,0.90907
33,指环王3：王者无敌,导演:彼得・杰克逊PeterJackson主演:伊利亚・伍德ElijahWood西恩...,2003/美国新西兰/剧情动作奇幻冒险,9.2,596846人评价,史诗的终章。,https://img2.doubanio.com/view/photo/s_ratio_poster/public/p691932373.jpg,0.79343
34,飞屋环游记,导演:彼特・道格特PeteDocter鲍勃・彼德森BobPeterson主演:爱德...,2009/美国/剧情喜剧动画冒险,9,1054087人评价,最后那些最无聊的事情，才是最值得怀念的。 ,https://img9.doubanio.com/view/photo/s_ratio_poster/public/p485887754.jpg,0.85674
35,摔跤吧！爸爸,导演:涅提・蒂瓦里NiteshTiwari主演:阿米尔・汗AamirKhan法缇玛...,2016/印度/剧情传记运动家庭,9,1241213人评价,你不是在为你一个人战斗，你要让千千万万的女性看到女生并不是只能相夫教子。,https://img1.doubanio.com/view/photo/s_ratio_poster/public/p2401676338.jpg,0.89382
36,哈利・波特与魔法石,导演:ChrisColumbus主演:DanielRadcliffeEmmaWatsonRupertGrint,2001/美国英国/奇幻冒险,9.1,824291人评价,童话世界的开端。,https://img9.doubanio.com/view/photo/s_ratio_poster/public/p2614949805.jpg,0.94248
37,素媛,导演:李F益Jun-ikLee主演:薛景求Kyung-guSol严志媛Ji-wonUhm...,2013/韩国/剧情,9.3,512698人评价,受过伤害的人总是笑得最开心，因为他们不愿意让身边的人承受一样的痛苦。,https://img9.doubanio.com/view/photo/s_ratio_poster/public/p2118532944.jpg,0.86887
38,少年派的奇幻漂流,导演:李安AngLee主演:苏拉・沙玛SurajSharma伊尔凡・可汗Irrfan...,2012/美国中国台湾英国加拿大/剧情奇幻冒险,9.1,1109882人评价,瑰丽壮观、无人能及的冒险之旅。,https://img3.doubanio.com/view/photo/s_ratio_poster/public/p1784592701.jpg,0.86308
39,十二怒汉,导演:SidneyLumet主演:亨利・方达HenryFonda马丁・鲍尔萨姆Marti...,1957/美国/剧情,9.4,362253人评价,1957年的理想主义。 ,https://img2.doubanio.com/view/photo/s_ratio_poster/public/p2173577632.jpg,0.89683
40,哈尔的移动城堡,导演:宫崎骏HayaoMiyazaki主演:倍赏千惠子ChiekoBaish?木村拓...,2004/日本/动画奇幻冒险,9.1,779308人评价,带着心爱的人在天空飞翔。,https://img3.doubanio.com/view/photo/s_ratio_poster/public/p2174346180.jpg,0.86751
41,鬼子来了,导演:姜文WenJiang主演:姜文WenJiang香川照之TeruyukiKagawa...,2000/中国大陆/剧情喜剧,9.3,485982人评价,对敌人的仁慈，就是对自己残忍。,https://img1.doubanio.com/view/photo/s_ratio_poster/public/p2553104888.jpg,0.82108
42,天空之城,导演:宫崎骏HayaoMiyazaki主演:田中真弓MayumiTanaka横泽启子Ke...,1986/日本/动画奇幻冒险,9.1,663321人评价,对天空的追逐，永不停止。 ,https://img1.doubanio.com/view/photo/s_ratio_poster/public/p1446261379.jpg,0.92866
43,大话西游之月光宝盒,导演:刘镇伟JeffreyLau主演:周星驰StephenChow吴孟达ManTatNg...,1995/中国香港中国大陆/喜剧爱情奇幻古装,9,961015人评价,旷古烁今。,https://img2.doubanio.com/view/photo/s_ratio_poster/public/p2561721372.jpg,0.86891
44,我不是药神,导演:文牧野MuyeWen主演:徐峥ZhengXu王传君ChuanjunWang周...,2018/中国大陆/剧情喜剧,9,1651374人评价,对我们国家而言，这样的电影多一部是一部。,https://img9.doubanio.com/view/photo/s_ratio_poster/public/p2561305376.jpg,0.89703
45,闻香识女人,导演:马丁・布莱斯MartinBrest主演:阿尔・帕西诺AlPacino克里斯...,1992/美国/剧情,9.1,671356人评价,史上最美的探戈。,https://img1.doubanio.com/view/photo/s_ratio_poster/public/p2550757929.jpg,0.81484
46,罗马假日,导演:威廉・惠勒WilliamWyler主演:奥黛丽・赫本AudreyHepburn格...,1953/美国/喜剧剧情爱情,9,766165人评价,爱情哪怕只有一天。,https://img9.doubanio.com/view/photo/s_ratio_poster/public/p2189265085.jpg,0.91802
47,天堂电影院,导演:朱塞佩・托纳多雷GiuseppeTornatore主演:菲利普・努瓦雷Philipp...,1988/意大利法国/剧情爱情,9.2,507883人评价,那些吻戏，那些青春，都在影院的黑暗里被泪水冲刷得无比清晰。,https://img1.doubanio.com/view/photo/s_ratio_poster/public/p2559577569.jpg,0.89149
48,辩护人,导演:杨宇硕Woo-seokYang主演:宋康昊Kang-hoSong金英爱Yeong-ae...,2013/韩国/剧情,9.2,480903人评价,电影的现实意义大过电影本身。,https://img9.doubanio.com/view/photo/s_ratio_poster/public/p2158166535.jpg,0.84202
49,猫鼠游戏,导演:史蒂文・斯皮尔伯格StevenSpielberg主演:莱昂纳多・迪卡普里奥L...,2002/美国加拿大/传记犯罪剧情,9,678346人评价,骗子大师和执著警探的你追我跑故事。 ,https://img3.doubanio.com/view/photo/s_ratio_poster/public/p453924541.jpg,0.82896
50,搏击俱乐部,导演:大卫・芬奇DavidFincher主演:爱德华・诺顿EdwardNorton布拉...,1999/美国德国意大利/剧情动作悬疑惊悚,9,680025人评价,邪恶与平庸蛰伏于同一个母体，在特定的时间互相对峙。,https://img1.doubanio.com/view/photo/s_ratio_poster/public/p1910926158.jpg,0.77605
51,大闹天宫,导演:万籁鸣LaimingWan唐澄ChengTang主演:邱岳峰YuefengQiu...,1961(中国大陆)/1964(中国大陆)/1978(中国大陆)/2004(中国大陆)/中国大陆/动画奇幻,9.4,319719人评价,经典之作，历久弥新。,https://img1.doubanio.com/view/photo/s_ratio_poster/public/p2184505167.jpg,0.83315
52,教父2,导演:弗朗西斯・福特・科波拉FrancisFordCoppola主演:阿尔・帕西诺A...,1974/美国/剧情犯罪,9.2,412561人评价,优雅的孤独。,https://img1.doubanio.com/view/photo/s_ratio_poster/public/p2194138787.jpg,0.88692
53,狮子王,导演:RogerAllers罗伯・明可夫RobMinkoff主演:乔纳森・泰勒・托马...,1994/美国/动画冒险歌舞,9,646182人评价,动物版《哈姆雷特》。,https://img1.doubanio.com/view/photo/s_ratio_poster/public/p2277799019.jpg,0.89046
54,指环王2：双塔奇兵,导演:彼得・杰克逊PeterJackson主演:伊利亚・伍德ElijahWood西恩...,2002/美国新西兰/剧情动作奇幻冒险,9.1,544739人评价,承前启后的史诗篇章。,https://img9.doubanio.com/view/photo/s_ratio_poster/public/p909265336.jpg,0.86762
55,死亡诗社,导演:彼得・威尔PeterWeir主演:罗宾・威廉姆斯RobinWilliams罗伯...,1989/美国/剧情,9.1,545431人评价,当一个死水般的体制内出现一个活跃的变数时，所有的腐臭都站在了光明的对面。,https://img3.doubanio.com/view/photo/s_ratio_poster/public/p2575465690.jpg,0.85972
56,钢琴家,导演:罗曼・波兰斯基RomanPolanski主演:艾德里安・布洛迪AdrienBrod...,2002/英国法国波兰德国美国/剧情传记战争音乐,9.2,425934人评价,音乐能化解仇恨。,https://img2.doubanio.com/view/photo/s_ratio_poster/public/p792376093.jpg,0.90023
57,黑客帝国,导演:安迪・沃卓斯基AndyWachowski拉娜・沃卓斯基LanaWachowski主...,1999/美国澳大利亚/动作科幻,9,625066人评价,视觉革命。,https://img1.doubanio.com/view/photo/s_ratio_poster/public/p451926968.jpg,0.85114
58,指环王1：魔戒再现,导演:彼得・杰克逊PeterJackson主演:伊利亚・伍德ElijahWood西恩...,2001/新西兰美国/剧情动作奇幻冒险,9,611288人评价,传说的开始。,https://img3.doubanio.com/view/photo/s_ratio_poster/public/p1354436051.jpg,0.87121
59,饮食男女,导演:李安AngLee主演:郎雄SihungLung杨贵媚Kuei-MeiYang吴...,1994/中国台湾美国/剧情家庭,9.1,457103人评价,人生不能像做菜，把所有的料都准备好了才下锅。,https://img3.doubanio.com/view/photo/s_ratio_poster/public/p1910899751.jpg,0.90769
60,窃听风暴,导演:弗洛里安・亨克尔・冯・多纳斯马尔克FlorianHenckelvonDonnersmarck&n...,2006/德国/剧情悬疑,9.1,443900人评价,别样人生。,https://img1.doubanio.com/view/photo/s_ratio_poster/public/p1808872109.jpg,0.85688
61,美丽心灵,导演:朗・霍华德RonHoward主演:罗素・克劳RussellCrowe艾德・哈...,2001/美国/传记剧情,9,595739人评价,爱是一切逻辑和原由。,https://img3.doubanio.com/view/photo/s_ratio_poster/public/p1665997400.jpg,0.82141
62,让子弹飞,导演:姜文WenJiang主演:姜文WenJiang葛优YouGe周润发Yun-F...,2010/中国大陆中国香港/剧情喜剧动作西部,8.8,1269235人评价,你给我翻译翻译，神马叫做TMD的惊喜。,https://img1.doubanio.com/view/photo/s_ratio_poster/public/p1512562287.jpg,0.77231
63,绿皮书,导演:彼得・法雷里PeterFarrelly主演:维果・莫腾森ViggoMortensen...,2018/美国中国大陆/剧情喜剧传记,8.9,1216581人评价,去除成见，需要勇气。,https://img2.doubanio.com/view/photo/s_ratio_poster/public/p2549177902.jpg,0.86765
64,两杆大烟枪,导演:GuyRitchie主演:JasonFlemyngDexterFletcherNickMoran,1998/英国/剧情喜剧犯罪,9.1,478109人评价,4个臭皮匠顶个诸葛亮，盖・里奇果然不是盖的。,https://img1.doubanio.com/view/photo/s_ratio_poster/public/p792443418.jpg,0.78832
65,本杰明・巴顿奇事,导演:大卫・芬奇DavidFincher主演:凯特・布兰切特CateBlanchett...,2008/美国/剧情爱情奇幻,8.9,774619人评价,在时间之河里感受溺水之苦。,https://img2.doubanio.com/view/photo/s_ratio_poster/public/p2192535722.jpg,0.80002
66,飞越疯人院,导演:米洛斯・福尔曼Milo?Forman主演:杰克・尼科尔森JackNichols...,1975/美国/剧情,9.1,459956人评价,自由万岁。,https://img1.doubanio.com/view/photo/s_ratio_poster/public/p792238287.jpg,0.88117
67,海蒂和爷爷,导演:阿兰・葛斯彭纳AlainGsponer主演:阿努克・斯特芬AnukSteffen...,2015/德国瑞士南非/剧情冒险家庭,9.2,340456人评价,如果生活中有什么使你感到快乐，那就去做吧！不要管别人说什么。,https://img9.doubanio.com/view/photo/s_ratio_poster/public/p2554525534.jpg,0.86624
68,看不见的客人,导演:奥里奥尔・保罗OriolPaulo主演:马里奥・卡萨斯MarioCasas阿...,2016/西班牙/剧情犯罪悬疑惊悚,8.8,939964人评价,你以为你以为的就是你以为的。,https://img9.doubanio.com/view/photo/s_ratio_poster/public/p2498971355.jpg,0.84201
69,西西里的美丽传说,导演:朱塞佩・托纳多雷GiuseppeTornatore主演:莫妮卡・贝鲁奇Monica...,2000/意大利美国/剧情战争情色,8.9,767410人评价,美丽无罪。,https://img1.doubanio.com/view/photo/s_ratio_poster/public/p2441988159.jpg,0.88788
70,拯救大兵瑞恩,导演:史蒂文・斯皮尔伯格StevenSpielberg主演:汤姆・汉克斯TomHanks...,1998/美国/剧情战争,9,507736人评价,美利坚精神输出大片No1.,https://img9.doubanio.com/view/photo/s_ratio_poster/public/p1014542496.jpg,0.88688
71,穿条纹睡衣的男孩,导演:马克・赫尔曼MarkHerman主演:阿萨・巴特菲尔德AsaButterfield...,2008/英国美国/剧情战争,9.1,398058人评价,尽管有些不切实际的幻想，这部电影依旧是一部感人肺腑的佳作。,https://img2.doubanio.com/view/photo/s_ratio_poster/public/p1473670352.jpg,0.85185
72,小鞋子,导演:马基德・马基迪MajidMajidi主演:法拉赫阿米尔・哈什米安AmirFa...,1997/伊朗/剧情儿童家庭,9.2,317605人评价,奔跑的孩子是天使。,https://img9.doubanio.com/view/photo/s_ratio_poster/public/p2165511465.jpg,0.90342
73,音乐之声,导演:罗伯特・怀斯RobertWise主演:朱莉・安德鲁斯JulieAndrews克...,1965/美国/剧情传记爱情歌舞,9,469081人评价,用音乐化解仇恨，让歌声串起美好。,https://img1.doubanio.com/view/photo/s_ratio_poster/public/p453788577.jpg,0.85646
74,情书,导演:岩井俊二ShunjiIwai主演:中山美穗MihoNakayama丰川悦司Ets...,1995/日本/剧情爱情,8.9,709128人评价,暗恋的极致。,https://img1.doubanio.com/view/photo/s_ratio_poster/public/p449897379.jpg,0.88253
75,海豚湾,导演:路易・西霍尤斯LouiePsihoyos主演:RichardO'Barry路易・西霍...,2009/美国/纪录片,9.3,302061人评价,海豚的微笑，是世界上最高明的伪装。,https://img1.doubanio.com/view/photo/s_ratio_poster/public/p2559579779.jpg,0.76736
76,美国往事,导演:赛尔乔・莱翁内SergioLeone主演:罗伯特・德尼罗RobertDeNiro...,1984/美国意大利/犯罪剧情,9.2,327579人评价,往事如烟，无处祭奠。,https://img1.doubanio.com/view/photo/s_ratio_poster/public/p477229647.jpg,0.89385
77,致命魔术,导演:克里斯托弗・诺兰ChristopherNolan主演:休・杰克曼HughJackman...,2006/英国美国/剧情悬疑惊悚,8.9,675991人评价,孪生蝙蝠侠大战克隆金刚狼。,https://img9.doubanio.com/view/photo/s_ratio_poster/public/p480383375.jpg,0.82423
78,沉默的羔羊,导演:乔纳森・戴米JonathanDemme主演:朱迪・福斯特JodieFoster安...,1991/美国/剧情犯罪惊悚,8.9,667289人评价,安东尼・霍普金斯的顶级表演。,https://img1.doubanio.com/view/photo/s_ratio_poster/public/p1593414327.jpg,0.83813
79,低俗小说,导演:昆汀・塔伦蒂诺QuentinTarantino主演:约翰・特拉沃尔塔JohnTra...,1994/美国/剧情喜剧犯罪,8.9,652782人评价,故事的高级讲法。,https://img2.doubanio.com/view/photo/s_ratio_poster/public/p1910902213.jpg,0.74629
80,禁闭岛,导演:MartinScorsese主演:莱昂纳多・迪卡普里奥LeonardoDiCaprio...,2010/美国/剧情悬疑惊悚,8.8,741181人评价,昔日翩翩少年，今日大腹便便。,https://img1.doubanio.com/view/photo/s_ratio_poster/public/p1832875827.jpg,0.70541
81,蝴蝶效应,导演:埃里克・布雷斯EricBressJ・麦基・格鲁伯J.MackyeGruber主...,2004/美国加拿大/剧情悬疑科幻惊悚,8.8,732244人评价,人的命运被自己瞬间的抉择改变。,https://img1.doubanio.com/view/photo/s_ratio_poster/public/p2209066019.jpg,0.88619
82,七宗罪,导演:大卫・芬奇DavidFincher主演:摩根・弗里曼MorganFreeman布...,1995/美国/剧情犯罪悬疑惊悚,8.8,763779人评价,警察抓小偷，老鼠玩死猫。,https://img9.doubanio.com/view/photo/s_ratio_poster/public/p2219586434.jpg,0.80156
83,心灵捕手,导演:格斯・范・桑特GusVanSant主演:马特・达蒙MattDamon罗宾・...,1997/美国/剧情,8.9,550641人评价,人生中应该拥有这样的一段豁然开朗。,https://img9.doubanio.com/view/photo/s_ratio_poster/public/p480965695.jpg,0.83521
84,布达佩斯大饭店,导演:韦斯・安德森WesAnderson主演:拉尔夫・费因斯RalphFiennes...,2014/美国德国英国/剧情喜剧冒险,8.9,696240人评价,小清新的故事里注入了大历史的情怀。,https://img2.doubanio.com/view/photo/s_ratio_poster/public/p2178872593.jpg,0.85561
85,春光乍泄,导演:王家卫KarWaiWong主演:张国荣LeslieCheung梁朝伟TonyLeu...,1997/中国香港日本韩国/剧情爱情同性,8.9,491317人评价,爱情纠缠，男女一致。,https://img3.doubanio.com/view/photo/s_ratio_poster/public/p465939041.jpg,0.75828
86,摩登时代,导演:查理・卓别林CharlesChaplin主演:查理・卓别林CharlesChaplin...,1936/美国/剧情喜剧爱情,9.3,224696人评价,大时代中的人生，小人物的悲喜。,https://img1.doubanio.com/view/photo/s_ratio_poster/public/p2263408369.jpg,0.87271
87,被嫌弃的松子的一生,导演:中岛哲也TetsuyaNakashima主演:中谷美纪MikiNakatani瑛太E...,2006/日本/剧情歌舞,8.9,581067人评价,以戏谑来戏谑戏谑。,https://img9.doubanio.com/view/photo/s_ratio_poster/public/p884763596.jpg,0.83695
88,哈利・波特与死亡圣器(下),导演:大卫・叶茨DavidYates主演:丹尼尔・雷德克里夫DanielRadcliffe...,2011/美国英国/奇幻冒险,8.9,606376人评价,10年的完美句点。,https://img2.doubanio.com/view/photo/s_ratio_poster/public/p917846733.jpg,0.85896
89,阿凡达,导演:詹姆斯・卡梅隆JamesCameron主演:萨姆・沃辛顿SamWorthington...,2009/美国英国/动作科幻冒险,8.7,1031454人评价,绝对意义上的美轮美奂。,https://img1.doubanio.com/view/photo/s_ratio_poster/public/p2180085848.jpg,0.78639
90,喜剧之王,导演:周星驰StephenChow李力持Lik-ChiLee主演:周星驰StephenCh...,1999/中国香港/喜剧剧情爱情,8.8,747454人评价,我是一个演员。,https://img1.doubanio.com/view/photo/s_ratio_poster/public/p2579932167.jpg,0.88441
91,致命ID,导演:詹姆斯・曼高德JamesMangold主演:约翰・库萨克JohnCusack雷...,2003/美国/剧情悬疑惊悚,8.8,625844人评价,最不可能的那个人永远是最可能的。,https://img9.doubanio.com/view/photo/s_ratio_poster/public/p2558364386.jpg,0.75246
92,剪刀手爱德华,导演:蒂姆・波顿TimBurton主演:约翰尼・德普JohnnyDepp薇诺娜・...,1990/美国/剧情奇幻爱情,8.7,868025人评价,浪漫忧郁的成人童话。,https://img1.doubanio.com/view/photo/s_ratio_poster/public/p480956937.jpg,0.88399
93,勇敢的心,导演:梅尔・吉布森MelGibson主演:梅尔・吉布森MelGibson苏菲・玛...,1995/美国/动作传记剧情历史战争,8.9,475583人评价,史诗大片的典范。,https://img1.doubanio.com/view/photo/s_ratio_poster/public/p2004174709.jpg,0.84458
94,加勒比海盗,导演:戈尔・维宾斯基GoreVerbinski主演:约翰尼・德普JohnnyDepp...,2003/美国/动作冒险奇幻,8.8,689472人评价,约翰尼・德普的独角戏。,https://img9.doubanio.com/view/photo/s_ratio_poster/public/p1596085504.jpg,0.83189
95,杀人回忆,导演:奉俊昊Joon-hoBong主演:宋康昊Kang-hoSong金相庆Sang-kyun...,2003/韩国/剧情动作犯罪悬疑惊悚,8.9,528973人评价,关于连环杀人悬案的集体回忆。,https://img3.doubanio.com/view/photo/s_ratio_poster/public/p657823840.jpg,0.86421
96,狩猎,导演:托马斯・温特伯格ThomasVinterberg主演:麦斯・米科尔森MadsMik...,2012/丹麦瑞典/剧情,9.1,289997人评价,人言可畏。,https://img1.doubanio.com/view/photo/s_ratio_poster/public/p1546987967.jpg,0.87138
97,请以你的名字呼唤我,导演:卢卡・瓜达尼诺LucaGuadagnino主演:艾米・汉莫ArmieHammer...,2017/意大利法国巴西美国荷兰德国/剧情爱情同性,8.9,521474人评价,沉醉在电影的情感和视听氛围中无法自拔。,https://img3.doubanio.com/view/photo/s_ratio_poster/public/p2505525050.jpg,0.87994
98,天使爱美丽,导演:让-皮埃尔・热内Jean-PierreJeunet主演:奥黛丽・塔图AudreyTau...,2001/法国德国/喜剧爱情,8.7,823250人评价,法式小清新。 ,https://img2.doubanio.com/view/photo/s_ratio_poster/public/p2447590313.jpg,0.89023
99,断背山,导演:李安AngLee主演:希斯・莱杰HeathLedger杰克・吉伦哈尔Jake...,2005/美国加拿大/剧情爱情同性家庭,8.8,578015人评价,每个人心中都有一座断背山。,https://img1.doubanio.com/view/photo/s_ratio_poster/public/p2604889017.jpg,0.78321
100,红辣椒,导演:今敏SatoshiKon主演:林原惠美MegumiHayashibara江守彻Toru...,2006/日本/动画悬疑科幻惊悚,9,327578人评价,梦的勾结。,https://img3.doubanio.com/view/photo/s_ratio_poster/public/p456825720.jpg,0.82105
101,7号房的礼物,导演:李焕庆Hwan-kyeongLee主演:柳承龙Seung-yongRyoo朴信惠Shi...,2013/韩国/剧情喜剧家庭,8.9,422388人评价,《我是山姆》的《美丽人生》。,https://img9.doubanio.com/view/photo/s_ratio_poster/public/p1816276065.jpg,0.84584
102,幽灵公主,导演:宫崎骏HayaoMiyazaki主演:松田洋治Y?jiMatsuda石田百合...,1997/日本/动画奇幻冒险,8.9,426515人评价,人与自然的战争史诗。,https://img9.doubanio.com/view/photo/s_ratio_poster/public/p1613191025.jpg,0.90633
103,小森林 夏秋篇,导演:森淳一JunichiMori主演:桥本爱AiHashimoto三浦贵大Takahir...,2014/日本/剧情,9,332264人评价,那些静得只能听见呼吸的日子里，你明白孤独即生活。,https://img2.doubanio.com/view/photo/s_ratio_poster/public/p2564498893.jpg,0.85878
104,阳光灿烂的日子,导演:姜文WenJiang主演:夏雨YuXia宁静JingNing陶虹HongTao,1994/中国大陆中国香港/剧情爱情,8.8,491082人评价,一场华丽的意淫。,https://img9.doubanio.com/view/photo/s_ratio_poster/public/p2564685215.jpg,0.87381
105,第六感,导演:M・奈特・沙马兰M.NightShyamalan主演:布鲁斯・威利斯BruceWi...,1999/美国/剧情悬疑惊悚,8.9,431178人评价,深入内心的恐怖，出人意料的结局。,https://img9.doubanio.com/view/photo/s_ratio_poster/public/p2220184425.jpg,0.85864
106,重庆森林,导演:王家卫KarWaiWong主演:林青霞BrigitteLin金城武TakeshiK...,1994/中国香港/剧情爱情,8.8,623712人评价,寂寞没有期限。,https://img3.doubanio.com/view/photo/s_ratio_poster/public/p792381411.jpg,0.81925
107,入殓师,导演:泷田洋二郎Y?jir?Takita主演:本木雅弘MasahiroMotoki...,2008/日本/剧情,8.9,471073人评价,死可能是一道门，逝去并不是终结，而是超越，走向下一程。,https://img1.doubanio.com/view/photo/s_ratio_poster/public/p1583839859.jpg,0.88875
108,唐伯虎点秋香,导演:李力持Lik-ChiLee主演:周星驰StephenChow巩俐LiGong陈...,1993/中国香港/喜剧爱情古装,8.7,818684人评价,华太师是黄，吴镇宇四大才子之一。,https://img9.doubanio.com/view/photo/s_ratio_poster/public/p2357915564.jpg,0.80608
109,小森林 冬春篇,导演:森淳一JunichiMori主演:桥本爱AiHashimoto三浦贵大Takahir...,2015/日本/剧情,9,297566人评价,尊敬他人，尊敬你生活的这片土地，明白孤独是人生的常态。,https://img1.doubanio.com/view/photo/s_ratio_poster/public/p2215147728.jpg,0.87107
110,爱在黎明破晓前,导演:理查德・林克莱特RichardLinklater主演:伊桑・霍克EthanHawke...,1995/美国奥地利瑞士/剧情爱情,8.8,480536人评价,缘分是个连绵词，最美不过一瞬。,https://img9.doubanio.com/view/photo/s_ratio_poster/public/p2555762374.jpg,0.84701
111,超脱,导演:托尼・凯耶TonyKaye主演:艾德里安・布洛迪AdrienBrody马西...,2011/美国/剧情,8.9,376745人评价,穷尽一生，我们要学会的，不过是彼此拥抱。,https://img3.doubanio.com/view/photo/s_ratio_poster/public/p1305562621.jpg,0.80897
112,消失的爱人,导演:大卫・芬奇DavidFincher主演:本・阿弗莱克BenAffleck罗莎蒙...,2014/美国/剧情犯罪悬疑惊悚,8.7,706314人评价,年度最佳date movie。,https://img9.doubanio.com/view/photo/s_ratio_poster/public/p2221768894.jpg,0.80705
113,一一,导演:杨德昌EdwardYang主演:吴念真李凯莉KellyLee金燕玲Elai...,2000/中国台湾日本/剧情爱情家庭,9,279393人评价,我们都曾经是一一。,https://img2.doubanio.com/view/photo/s_ratio_poster/public/p2567845803.jpg,0.85511
114,菊次郎的夏天,导演:北野武TakeshiKitano主演:北野武TakeshiKitano关口雄介Yus...,1999/日本/剧情喜剧,8.8,442981人评价,从没见过那么流氓的温柔，从没见过那么温柔的流氓。,https://img9.doubanio.com/view/photo/s_ratio_poster/public/p2620392435.jpg,0.87539
115,蝙蝠侠：黑暗骑士崛起,导演:克里斯托弗・诺兰ChristopherNolan主演:克里斯蒂安・贝尔Christ...,2012/美国英国/剧情动作科幻犯罪惊悚,8.8,563975人评价,诺兰就是保证。,https://img9.doubanio.com/view/photo/s_ratio_poster/public/p1706428744.jpg,0.73951
116,侧耳倾听,导演:近藤喜文YoshifumiKondo主演:本名阳子YoukoHonna小林桂树K...,1995/日本/剧情爱情动画,8.9,362424人评价,少女情怀总是诗。,https://img2.doubanio.com/view/photo/s_ratio_poster/public/p456692072.jpg,0.89502
117,倩女幽魂,导演:程小东Siu-TungChing主演:张国荣LeslieCheung王祖贤JoeyW...,1987/中国香港/爱情奇幻武侠古装,8.7,575016人评价,两张绝世的脸。 ,https://img9.doubanio.com/view/photo/s_ratio_poster/public/p2414157745.jpg,0.89327
118,功夫,导演:周星驰StephenChow主演:周星驰StephenChow元秋QiuYuen...,2004/中国大陆中国香港/动作喜剧犯罪奇幻,8.6,781395人评价,警恶惩奸，维护世界和平这个任务就交给你了，好吗？,https://img1.doubanio.com/view/photo/s_ratio_poster/public/p2219011938.jpg,0.84294
119,无人知晓,导演:是枝裕和HirokazuKoreeda主演:柳乐优弥Y?yaYagira北浦爱...,2004/日本/剧情,9.1,224302人评价,我的平常生活就是他人的幸福。,https://img2.doubanio.com/view/photo/s_ratio_poster/public/p661160053.jpg,0.91142
120,超能陆战队,导演:唐・霍尔DonHall克里斯・威廉姆斯ChrisWilliams主演:斯科特...,2014/美国/喜剧动作科幻动画冒险,8.7,787880人评价,Balalala~~~,https://img2.doubanio.com/view/photo/s_ratio_poster/public/p2614500883.jpg,0.84079
121,萤火之森,导演:大森贵弘TakahiroOmori主演:佐仓绫音AyaneSakura内山昂辉K...,2011/日本/剧情爱情动画奇幻,8.9,400569人评价,触不到的恋人。,https://img2.doubanio.com/view/photo/s_ratio_poster/public/p1675053073.jpg,0.81387
122,人生果实,导演:伏原健之KenshiFushihara主演:津端修一Sh?ichiTsubata津...,2017/日本/纪录片,9.5,122792人评价,土壤没有落叶不会肥沃，没有了你就不算人生。,https://img2.doubanio.com/view/photo/s_ratio_poster/public/p2544912792.jpg,0.88744
123,甜蜜蜜,导演:陈可辛PeterChan主演:黎明LeonLai张曼玉MaggieCheung...,1996/中国香港/剧情爱情,8.8,408822人评价,相逢只要一瞬间，等待却像是一辈子。,https://img9.doubanio.com/view/photo/s_ratio_poster/public/p2223011274.jpg,0.89613
124,借东西的小人阿莉埃蒂,导演:米林宏昌HiromasaYonebayashi主演:志田未来MiraiShida神木...,2010/日本/动画奇幻冒险,8.8,429149人评价,曾经的那段美好会沉淀为一辈子的记忆。,https://img9.doubanio.com/view/photo/s_ratio_poster/public/p617533616.jpg,0.81139
125,玛丽和马克思,导演:亚当・艾略特AdamElliot主演:托妮・科莱特ToniCollette菲利...,2009/澳大利亚/剧情喜剧动画,8.9,355521人评价,你是我最好的朋友，你是我唯一的朋友 。,https://img9.doubanio.com/view/photo/s_ratio_poster/public/p2162822165.jpg,0.80172
126,驯龙高手,导演:迪恩・德布洛斯DeanDeBlois克里斯・桑德斯ChrisSanders主演:...,2010/美国/动画奇幻冒险,8.7,602530人评价,和谐的生活离不开摸头与被摸头。,https://img9.doubanio.com/view/photo/s_ratio_poster/public/p2210954024.jpg,0.80043
127,爱在日落黄昏时,导演:理查德・林克莱特RichardLinklater主演:伊桑・霍克EthanHawke...,2004/美国法国/剧情爱情,8.8,402506人评价,九年后的重逢是世俗和责任的交叠，没了悸动和青涩，沧桑而温暖。,https://img1.doubanio.com/view/photo/s_ratio_poster/public/p2561542458.jpg,0.83557
128,完美的世界,导演:克林特・伊斯特伍德ClintEastwood主演:凯文・科斯特纳KevinCos...,1993/美国/剧情犯罪,9.1,213741人评价,坏人的好总是比好人的好来得更感人。,https://img1.doubanio.com/view/photo/s_ratio_poster/public/p2190556408.jpg,0.87657
129,幸福终点站,导演:史蒂文・斯皮尔伯格StevenSpielberg主演:汤姆・汉克斯TomHanks...,2004/美国/喜剧剧情爱情,8.8,428902人评价,有时候幸福需要等一等。 ,https://img1.doubanio.com/view/photo/s_ratio_poster/public/p854757687.jpg,0.87496
130,告白,导演:中岛哲也TetsuyaNakashima主演:松隆子TakakoMatsu冈田将生...,2010/日本/剧情悬疑,8.7,568201人评价,没有一人完全善，也没有一人完全恶。,https://img9.doubanio.com/view/photo/s_ratio_poster/public/p689520756.jpg,0.76939
131,大鱼,导演:蒂姆・波顿TimBurton主演:伊万・麦克格雷格EwanMcGregor阿...,2003/美国/剧情家庭奇幻冒险,8.8,456404人评价,抱着梦想而活着的人是幸福的，怀抱梦想而死去的人是不朽的。,https://img9.doubanio.com/view/photo/s_ratio_poster/public/p692813374.jpg,0.88912
132,阳光姐妹淘,导演:姜炯哲Hyeong-CheolKang主演:沈恩京Eun-kyungShim闵孝琳Hy...,2011/韩国/剧情喜剧,8.8,491011人评价,再多各自牛逼的时光，也比不上一起傻逼的岁月。 ,https://img1.doubanio.com/view/photo/s_ratio_poster/public/p1374786017.jpg,0.86669
133,射雕英雄传之东成西就,导演:刘镇伟JeffreyLau主演:梁朝伟TonyLeungChiuWai林青霞Bri...,1993/中国香港/喜剧奇幻武侠古装,8.7,511737人评价,百看不厌。 ,https://img9.doubanio.com/view/photo/s_ratio_poster/public/p2609063925.jpg,0.67339
134,哈利・波特与阿兹卡班的囚徒,导演:AlfonsoCuarón主演:丹尼尔・雷德克里夫DanielRadcliffeEmma...,2004/英国美国/奇幻冒险,8.8,475780人评价,不一样的导演，不一样的哈利・波特。,https://img1.doubanio.com/view/photo/s_ratio_poster/public/p1910812549.jpg,0.85707
135,恐怖直播,导演:金秉vByeong-wooKim主演:河正宇Jung-wooHa李Z荣Kyeong-y...,2013/韩国/剧情犯罪悬疑,8.8,507411人评价,恐怖分子的“秋菊打官司”。,https://img9.doubanio.com/view/photo/s_ratio_poster/public/p2016930906.jpg,0.79632
136,天书奇谭,导演:王树忱ShuchenWang钱运达YundaQian主演:丁建华JianhuaDin...,1983(中国大陆)/中国大陆/动画奇幻,9.2,177247人评价,传奇的年代，醉人的童话。,https://img1.doubanio.com/view/photo/s_ratio_poster/public/p2515539487.jpg,0.81848
137,怪兽电力公司,导演:彼特・道格特PeteDocter大卫・斯沃曼DavidSilverman主演:约...,2001/美国/儿童喜剧动画奇幻冒险,8.7,514079人评价,不要给它起名字，起了名字就有感情了。,https://img1.doubanio.com/view/photo/s_ratio_poster/public/p2513247938.jpg,0.84459
138,神偷奶爸,导演:皮艾尔・柯芬PierreCoffin克里斯・雷纳德ChrisRenaud主演:...,2010/美国法国/喜剧动画冒险,8.6,768643人评价,Mr. I Don't Care其实也有Care的时候。,https://img1.doubanio.com/view/photo/s_ratio_poster/public/p792776858.jpg,0.73355
139,玩具总动员3,导演:李・昂克里奇LeeUnkrich主演:汤姆・汉克斯TomHanks蒂姆・艾...,2010/美国/喜剧动画奇幻冒险,8.8,397375人评价,跨度十五年的欢乐与泪水。,https://img1.doubanio.com/view/photo/s_ratio_poster/public/p1283675359.jpg,0.81141
140,傲慢与偏见,导演:乔・怀特JoeWright主演:凯拉・奈特莉KeiraKnightley马修・...,2005/法国英国美国/剧情爱情,8.6,609525人评价,爱是摈弃傲慢与偏见之后的曙光。,https://img1.doubanio.com/view/photo/s_ratio_poster/public/p2016401659.jpg,0.81521
141,时空恋旅人,导演:理查德・柯蒂斯RichardCurtis主演:多姆纳尔・格里森DomhnallGl...,2013/英国/喜剧爱情奇幻,8.8,450220人评价,把每天当作最后一天般珍惜度过，积极拥抱生活，就是幸福。,https://img9.doubanio.com/view/photo/s_ratio_poster/public/p2070153774.jpg,0.88414
142,哈利・波特与密室,导演:ChrisColumbus主演:丹尼尔・雷德克里夫DanielRadcliffe艾玛...,2002/美国英国德国/奇幻冒险,8.7,498721人评价,魔法的密室之门已打开...,https://img3.doubanio.com/view/photo/s_ratio_poster/public/p1082651990.jpg,0.88233
143,教父3,导演:弗朗西斯・福特・科波拉FrancisFordCoppola主演:阿尔・帕西诺A...,1990/美国/剧情犯罪,8.9,275162人评价,任何信念的力量，都无法改变命运。,https://img3.doubanio.com/view/photo/s_ratio_poster/public/p2169664351.jpg,0.85598
144,釜山行,导演:延尚昊Sang-hoYeon主演:孔侑YooGong郑有美Yu-miJung马...,2016/韩国/动作惊悚灾难,8.6,915003人评价,揭露人性的丧尸题材力作。,https://img1.doubanio.com/view/photo/s_ratio_poster/public/p2360940399.jpg,0.81831
145,血战钢锯岭,导演:梅尔・吉布森MelGibson主演:安德鲁・加菲尔德AndrewGarfield...,2016/澳大利亚美国/剧情传记历史战争,8.7,632994人评价,优秀的战争片不会美化战场，不会粉饰死亡，不会矮化敌人，不会无视常识，最重要的，不会宣扬战争。,https://img1.doubanio.com/view/photo/s_ratio_poster/public/p2398141939.jpg,0.90683
146,哪吒闹海,导演:严定宪DingxianYan王树忱ShuchenWang主演:梁正晖Zhenghui...,1979/中国大陆/冒险动画奇幻,9.1,196622人评价,想你时你在闹海。,https://img2.doubanio.com/view/photo/s_ratio_poster/public/p2516566783.jpg,0.88775
147,被解救的姜戈,导演:昆汀・塔伦蒂诺QuentinTarantino主演:杰米・福克斯JamieFoxx...,2012/美国/剧情动作西部冒险,8.7,475154人评价,热血沸腾，那个低俗、性感的无耻混蛋又来了。,https://img1.doubanio.com/view/photo/s_ratio_poster/public/p1800813767.jpg,0.73012
148,七武士,导演:黑泽明AkiraKurosawa主演:三船敏郎Toshir?Mifune志村乔...,1954/日本/动作冒险剧情,9.3,149539人评价,时代悲歌。,https://img9.doubanio.com/view/photo/s_ratio_poster/public/p2215886505.jpg,0.91556
149,喜宴,导演:李安AngLee主演:赵文uWinstonChao郎雄SihungLung归亚...,1993/中国台湾美国/剧情喜剧爱情同性家庭,8.9,266327人评价,中国家庭的喜怒哀乐忍。,https://img1.doubanio.com/view/photo/s_ratio_poster/public/p2249048907.jpg,0.88889
150,电锯惊魂,导演:詹姆斯・温JamesWan主演:雷・沃纳尔LeighWhannell加利・艾...,2004/美国/悬疑惊悚恐怖,8.7,403326人评价,真相就在眼前。,https://img9.doubanio.com/view/photo/s_ratio_poster/public/p2565332644.jpg,0.69836
151,风之谷,导演:宫崎骏HayaoMiyazaki主演:岛本须美SumiShimamoto松田洋治Y...,1984/日本/动画奇幻冒险,8.9,298585人评价,动画片的圣经。,https://img2.doubanio.com/view/photo/s_ratio_poster/public/p1917567652.jpg,0.90513
152,一个叫欧维的男人决定去死,导演:汉内斯・赫尔姆HannesHolm主演:罗夫・拉斯加德RolfLassg?rd...,2015/瑞典/剧情,8.9,317708人评价,惠及一生的美丽。,https://img2.doubanio.com/view/photo/s_ratio_poster/public/p2406624993.jpg,0.85661
153,我是山姆,导演:杰茜・尼尔森JessieNelson主演:SeanPennDakotaFanningMi...,2001/美国/剧情家庭,8.9,244491人评价,爱并不需要智商 。,https://img9.doubanio.com/view/photo/s_ratio_poster/public/p652417775.jpg,0.84908
154,头号玩家,导演:史蒂文・斯皮尔伯格StevenSpielberg主演:泰伊・谢里丹TyeSheri...,2018/美国/动作科幻冒险,8.6,1101118人评价,写给影迷，动漫迷和游戏迷的一封情书。,https://img1.doubanio.com/view/photo/s_ratio_poster/public/p2516578307.jpg,0.83974
155,英雄本色,导演:吴宇森JohnWoo主演:周润发Yun-FatChow狄龙LungTi张国...,1986/中国香港/剧情动作犯罪,8.7,403675人评价,英雄泪短，兄弟情长。 ,https://img1.doubanio.com/view/photo/s_ratio_poster/public/p2504997087.jpg,0.87867
156,上帝之城,导演:费尔南多・梅里尔斯FernandoMeirelles卡迪亚・兰德KátiaLund&nbsp...,2002/巴西法国/犯罪剧情,9,245449人评价,被上帝抛弃了的上帝之城。,https://img3.doubanio.com/view/photo/s_ratio_poster/public/p455677490.jpg,0.85659
157,谍影重重3,导演:保罗・格林格拉斯PaulGreengrass主演:马特・达蒙MattDamon...,2007/美国德国/动作悬疑惊悚,8.8,337721人评价,像吃了苏打饼一样干脆的电影。,https://img1.doubanio.com/view/photo/s_ratio_poster/public/p792223507.jpg,0.71998
158,疯狂原始人,导演:科克・德・米科KirkDeMicco克里斯・桑德斯ChrisSanders主演...,2013/美国/喜剧动画冒险,8.7,684046人评价,老少皆宜，这就是好莱坞动画的魅力。,https://img1.doubanio.com/view/photo/s_ratio_poster/public/p1867084027.jpg,0.80736
159,未麻的部屋,导演:今敏SatoshiKon主演:岩男润子JunkoIwao松本梨香RicaMatsu...,1997/日本/动画奇幻惊悚,9,221018人评价,好的剧本是，就算你猜到了结局也猜不到全部。,https://img2.doubanio.com/view/photo/s_ratio_poster/public/p1351050722.jpg,0.81152
160,岁月神偷,导演:罗启锐AlexLaw主演:吴君如SandraNg任达华SimonYam钟绍...,2010/中国香港中国大陆/剧情家庭,8.7,488520人评价,岁月流逝，来日可追。,https://img3.doubanio.com/view/photo/s_ratio_poster/public/p456666151.jpg,0.82127
161,卢旺达饭店,导演:特瑞・乔治TerryGeorge主演:唐・钱德尔DonCheadle苏菲・奥...,2004/英国南非意大利/剧情传记历史战争,8.9,240707人评价,当这个世界闭上双眼，他却敞开了怀抱。,https://img2.doubanio.com/view/photo/s_ratio_poster/public/p470419493.jpg,0.86126
162,纵横四海,导演:吴宇森JohnWoo主演:周润发Yun-FatChow张国荣LeslieCheung...,1991/中国香港/剧情喜剧动作犯罪,8.8,321391人评价,香港浪漫主义警匪动作片的巅峰之作。,https://img1.doubanio.com/view/photo/s_ratio_poster/public/p2597918718.jpg,0.83811
163,三块广告牌,导演:马丁・麦克唐纳MartinMcDonagh主演:弗兰西斯・麦克多蒙德France...,2017/美国英国/剧情犯罪,8.7,655657人评价,怼天怼地，你走后，她与世界为敌。,https://img1.doubanio.com/view/photo/s_ratio_poster/public/p2510081688.jpg,0.85873
164,达拉斯买家俱乐部,导演:让-马克・瓦雷Jean-MarcVallée主演:马修・麦康纳MatthewMcCon...,2013/美国/剧情传记同性,8.8,354506人评价,Jared Leto的腿比女人还美！,https://img1.doubanio.com/view/photo/s_ratio_poster/public/p2166160837.jpg,0.83058
165,花样年华,导演:王家卫KarWaiWong主演:梁朝伟TonyLeungChiuWai张曼玉Ma...,2000/中国香港/剧情爱情,8.7,453576人评价,偷情本没有这样美。,https://img9.doubanio.com/view/photo/s_ratio_poster/public/p1910828286.jpg,0.88271
166,心迷宫,导演:忻钰坤YukunXin主演:霍卫民WeiminHuo王笑天XiaotianWang...,2014/中国大陆/剧情犯罪悬疑,8.7,389116人评价,荒诞讽刺，千奇百巧，抽丝剥茧，百转千回。,https://img9.doubanio.com/view/photo/s_ratio_poster/public/p2276780256.jpg,0.88406
167,记忆碎片,导演:克里斯托弗・诺兰ChristopherNolan主演:盖・皮尔斯GuyPearce...,2000/美国/犯罪剧情悬疑惊悚,8.6,488897人评价,一个针管引发的血案。,https://img2.doubanio.com/view/photo/s_ratio_poster/public/p641688453.jpg,0.81692
168,黑客帝国3：矩阵革命,导演:AndyWachowskiLarryWachowski主演:基努・里维斯KeanuReeves...,2003/美国澳大利亚/动作科幻,8.8,335321人评价,不得不说，《黑客帝国》系列是商业片与科幻、哲学完美结合的典范。,https://img1.doubanio.com/view/photo/s_ratio_poster/public/p443461818.jpg,0.78683
169,模仿游戏,导演:莫滕・泰杜姆MortenTyldum主演:本尼迪克特・康伯巴奇BenedictC...,2014/英国美国/剧情传记战争同性,8.7,480946人评价,他给机器起名“克里斯托弗”，因为这是他初恋的名字。,https://img2.doubanio.com/view/photo/s_ratio_poster/public/p2255040492.jpg,0.88346
170,新世界,导演:朴勋政Hoon-jungPark主演:李政宰Jung-JaeLee崔岷植Min-sik...,2013/韩国/剧情犯罪,8.8,278109人评价,要做就做得狠一点，这样才能活下去。,https://img1.doubanio.com/view/photo/s_ratio_poster/public/p1903379979.jpg,0.75488
171,你的名字。,导演:新海诚MakotoShinkai主演:神木隆之介Ry?nosukeKamiki上...,2016/日本/剧情爱情动画,8.4,1087546人评价,穿越错位的时空，仰望陨落的星辰，你没留下你的名字，我却无法忘记那句“我爱你”。,https://img1.doubanio.com/view/photo/s_ratio_poster/public/p2395733377.jpg,0.84495
172,荒蛮故事,导演:达米安・斯兹弗隆DamiánSzifron主演:达里奥・葛兰帝内提Darío...,2014/阿根廷西班牙/剧情喜剧犯罪,8.8,334916人评价,始于荒诞，止于更荒诞。,https://img2.doubanio.com/view/photo/s_ratio_poster/public/p2584519452.jpg,0.86266
173,头脑特工队,导演:彼特・道格特PeteDocter罗纳尔多・德尔・卡门RonaldoDelCarmen&nb...,2015/美国/喜剧动画冒险,8.7,464697人评价,愿我们都不用长大，每一座城堡都能永远存在。,https://img9.doubanio.com/view/photo/s_ratio_poster/public/p2266293606.jpg,0.89672
174,真爱至上,导演:理查德・柯蒂斯RichardCurtis主演:休・格兰特HughGrant柯林...,2003/英国美国法国/喜剧剧情爱情,8.6,578477人评价,爱，是个动词。,https://img3.doubanio.com/view/photo/s_ratio_poster/public/p475600770.jpg,0.81753
175,忠犬八公物语,导演:Seijir?K?yama主演:山本圭KeiYamamoto井川比佐志Hisa...,1987/日本/剧情,9.2,148186人评价,养狗三日，便会对你终其一生。,https://img2.doubanio.com/view/photo/s_ratio_poster/public/p1576418852.jpg,0.88612
176,爆裂鼓手,导演:达米恩・查泽雷DamienChazelle主演:迈尔斯・特勒MilesTeller...,2014/美国/剧情音乐,8.7,443209人评价,这个世界从不善待努力的人，努力了也不一定会成功，但是知道自己在努力，就是活下去的动力。,https://img2.doubanio.com/view/photo/s_ratio_poster/public/p2220776342.jpg,0.81031
177,贫民窟的百万富翁,导演:丹尼・鲍尔DannyBoyle洛芙琳・坦丹LoveleenTandan主演:戴夫...,2008/英国/剧情爱情,8.6,607731人评价,上帝之城+猜火车+阿甘正传+开心辞典=山寨富翁,https://img3.doubanio.com/view/photo/s_ratio_poster/public/p2434249040.jpg,0.82215
178,萤火虫之墓,导演:高x勋IsaoTakahata主演:辰己努白石绫乃志乃原良子,1988/日本/动画剧情战争,8.7,342450人评价,幸福是生生不息，却难以触及的远。 ,https://img1.doubanio.com/view/photo/s_ratio_poster/public/p2237136718.jpg,0.85785
179,东邪西毒,导演:王家卫KarWaiWong主演:张国荣LeslieCheung林青霞Brigitte...,1994/中国香港中国台湾/剧情动作爱情武侠古装,8.6,470688人评价,电影诗。,https://img2.doubanio.com/view/photo/s_ratio_poster/public/p1982176012.jpg,0.84477
180,黑天鹅,导演:达伦・阿罗诺夫斯基DarrenAronofsky主演:娜塔莉・波特曼Natalie...,2010/美国/剧情惊悚,8.6,670544人评价,黑暗之美。,https://img9.doubanio.com/view/photo/s_ratio_poster/public/p2549648344.jpg,0.82967
181,海街日记,导演:是枝裕和HirokazuKoreeda主演:绫濑遥HarukaAyase长泽雅美M...,2015/日本/剧情家庭,8.8,321406人评价,是枝裕和的家庭习作。,https://img1.doubanio.com/view/photo/s_ratio_poster/public/p2603364117.jpg,0.88897
182,惊魂记,导演:阿尔弗雷德・希区柯克AlfredHitchcock主演:安东尼・博金斯Antho...,1960/美国/悬疑惊悚恐怖,9,194289人评价,故事的反转与反转，分裂电影的始祖。,https://img9.doubanio.com/view/photo/s_ratio_poster/public/p1021883305.jpg,0.83998
183,无敌破坏王,导演:瑞奇・莫尔RichMoore主演:约翰・C・赖利JohnC.Reilly萨拉...,2012/美国/喜剧动画奇幻冒险,8.7,419460人评价,迪士尼和皮克斯拿错剧本的产物。,https://img9.doubanio.com/view/photo/s_ratio_poster/public/p1735642656.jpg,0.75485
184,你看起来好像很好吃,导演:藤森雅也MasayaFujimori主演:山口胜平KappeiYamaguchi爱河...,2010/日本/剧情动画儿童,8.9,268501人评价,感情不分食草或者食肉。,https://img2.doubanio.com/view/photo/s_ratio_poster/public/p709670262.jpg,0.80126
185,冰川时代,导演:卡洛斯・沙尔丹哈CarlosSaldanha克里斯・韦奇ChrisWedge主演...,2002/美国/喜剧动画冒险,8.6,496733人评价,松鼠才是角儿。,https://img1.doubanio.com/view/photo/s_ratio_poster/public/p1910895719.jpg,0.85819
186,雨人,导演:巴瑞・莱文森BarryLevinson主演:达斯汀・霍夫曼DustinHoffman...,1988/美国/剧情,8.7,330127人评价,生活在自己的世界里，也可以让周围的人显得可笑和渺小。,https://img2.doubanio.com/view/photo/s_ratio_poster/public/p2353324612.jpg,0.86487
187,小偷家族,导演:是枝裕和HirokazuKoreeda主演:中川雅也LilyFranky安藤樱Sa...,2018/日本/剧情犯罪家庭,8.7,652032人评价,我们组成了家。,https://img9.doubanio.com/view/photo/s_ratio_poster/public/p2530599636.jpg,0.91075
188,绿里奇迹,导演:FrankDarabont主演:汤姆・汉克斯TomHanks大卫・摩斯DavidM...,1999/美国/犯罪剧情奇幻悬疑,8.9,231755人评价,天使暂时离开。,https://img3.doubanio.com/view/photo/s_ratio_poster/public/p767586451.jpg,0.81802
189,恋恋笔记本,导演:尼克・卡索维茨NickCassavetes主演:瑞恩・高斯林RyanGosling...,2004/美国/剧情爱情,8.5,520381人评价,爱情没有那么多借口，如果不能圆满，只能说明爱的不够。 ,https://img9.doubanio.com/view/photo/s_ratio_poster/public/p483604864.jpg,0.81296
190,爱在午夜降临前,导演:理查德・林克莱特RichardLinklater主演:伊桑・霍克EthanHawke...,2013/美国希腊/剧情爱情,8.8,269544人评价,所谓爱情，就是话唠一路，都不会心生腻烦，彼此嫌弃。,https://img1.doubanio.com/view/photo/s_ratio_poster/public/p2074715729.jpg,0.83241
191,疯狂的石头,导演:宁浩HaoNing主演:郭涛TaoGuo刘桦HuaLiu连晋TeddyLin,2006/中国大陆中国香港/喜剧犯罪,8.5,634201人评价,中国版《两杆大烟枪》。,https://img2.doubanio.com/view/photo/s_ratio_poster/public/p712241453.jpg,0.76383
192,恐怖游轮,导演:克里斯托弗・史密斯ChristopherSmith主演:梅利莎・乔治Melissa...,2009/英国澳大利亚/剧情悬疑惊悚,8.5,626362人评价,不要企图在重复中寻找已经失去的爱。,https://img9.doubanio.com/view/photo/s_ratio_poster/public/p462470694.jpg,0.73488
193,奇迹男孩,导演:斯蒂芬・卓博斯基StephenChbosky主演:雅各布・特伦布莱JacobTr...,2017/美国中国香港/剧情儿童家庭,8.6,453841人评价,世界不完美，爱会有奇迹。,https://img1.doubanio.com/view/photo/s_ratio_poster/public/p2507709428.jpg,0.91965
194,魔女宅急便,导演:宫崎骏HayaoMiyazaki主演:高山南MinamiTakayama佐久间玲Re...,1989/日本/动画奇幻冒险,8.7,364504人评价,宫崎骏的电影总让人感觉世界是美好的，阳光明媚的。,https://img2.doubanio.com/view/photo/s_ratio_poster/public/p456676352.jpg,0.91562
195,雨中曲,导演:斯坦利・多南StanleyDonen吉恩・凯利GeneKelly主演:吉恩・...,1952/美国/喜剧歌舞爱情,9,163222人评价,骨灰级歌舞片。,https://img9.doubanio.com/view/photo/s_ratio_poster/public/p1612355875.jpg,0.88327
196,二十二,导演:郭柯KeGuo主演:,2015/中国大陆/纪录片,8.7,232937人评价,有一些东西不应该被遗忘。,https://img1.doubanio.com/view/photo/s_ratio_poster/public/p2457609817.jpg,0.88301
197,海边的曼彻斯特,导演:肯尼斯・罗纳根KennethLonergan主演:卡西・阿弗莱克CaseyAffle...,2016/美国/剧情家庭,8.6,382613人评价,我们都有权利不与自己的过去和解。,https://img9.doubanio.com/view/photo/s_ratio_poster/public/p2421855655.jpg,0.85271
198,房间,导演:伦尼・阿伯拉罕森LennyAbrahamson主演:布丽・拉尔森BrieLarson...,2015/爱尔兰加拿大英国美国/剧情家庭,8.8,311625人评价,被偷走的岁月，被伤害的生命，被禁锢的灵魂，终将被希望和善意救赎。,https://img9.doubanio.com/view/photo/s_ratio_poster/public/p2259715855.jpg,0.85792
199,虎口脱险,导演:杰拉尔・乌里GérardOury主演:路易・德・菲耐斯LouisdeFunès...,1966/法国英国/喜剧战争,8.9,187043人评价,永远看不腻的喜剧。,https://img2.doubanio.com/view/photo/s_ratio_poster/public/p2399597512.jpg,0.82805
200,人工智能,导演:史蒂文・斯皮尔伯格StevenSpielberg主演:海利・乔・奥斯蒙Haley...,2001/美国英国/剧情科幻,8.7,347322人评价,对爱的执着，可以超越一切。,https://img1.doubanio.com/view/photo/s_ratio_poster/public/p792257137.jpg,0.87145
201,2001太空漫游,导演:斯坦利・库布里克StanleyKubrick主演:凯尔・杜拉KeirDullea...,1968/英国美国/科幻惊悚冒险,8.8,228939人评价,现代科幻电影的开山之作，最伟大导演的最伟大影片。,https://img9.doubanio.com/view/photo/s_ratio_poster/public/p2560717825.jpg,0.83838
202,可可西里,导演:陆川ChuanLu主演:多布杰Duobujie张磊LeiZhang亓亮QiL...,2004/中国大陆中国香港/剧情犯罪,8.8,233514人评价,坚硬的信仰。,https://img9.doubanio.com/view/photo/s_ratio_poster/public/p2363208684.jpg,0.76881
203,罗生门,导演:黑泽明AkiraKurosawa主演:三船敏郎Toshir?Mifune京町子...,1950/日本/剧情犯罪悬疑,8.8,241106人评价,人生的N种可能性。,https://img3.doubanio.com/view/photo/s_ratio_poster/public/p1598883511.jpg,0.89793
204,色，戒,导演:李安AngLee主演:梁朝伟TonyLeungChiuWai汤唯WeiTang...,2007/中国台湾中国大陆美国中国香港/剧情爱情情色,8.5,548944人评价,假戏真情，爱欲深海,https://img9.doubanio.com/view/photo/s_ratio_poster/public/p453716305.jpg,0.84085
205,终结者2：审判日,导演:詹姆斯・卡梅隆JamesCameron主演:阿诺・施瓦辛格ArnoldSchwarz...,1991/美国法国/动作科幻,8.7,276410人评价,少见的超越首部的续集，动作片中的经典。,https://img9.doubanio.com/view/photo/s_ratio_poster/public/p1910909085.jpg,0.85578
206,城市之光,导演:CharlesChaplin主演:查理・卓别林CharlesChaplin弗吉尼亚・...,1931/美国/喜剧剧情爱情,9.3,103875人评价,永远的小人物，伟大的卓别林。,https://img1.doubanio.com/view/photo/s_ratio_poster/public/p2170238828.jpg,0.92372
207,初恋这件小事,导演:普特鹏・普罗萨卡・那・萨克那卡林PuttipongPromsakaNaSakolnakorn华森・波克彭...,2010/泰国/剧情喜剧爱情,8.4,818585人评价,黑小鸭速效美白记。,https://img2.doubanio.com/view/photo/s_ratio_poster/public/p1505312273.jpg,0.86162
208,魂断蓝桥,导演:茂文・勒鲁瓦MervynLeRoy主演:费雯・丽VivienLeigh罗伯特・...,1940/美国/剧情爱情战争,8.8,219449人评价,中国式内在的美国电影。,https://img1.doubanio.com/view/photo/s_ratio_poster/public/p2351134499.jpg,0.87611
209,牯岭街少年杀人事件,导演:杨德昌EdwardYang主演:张震ChenChang杨静怡LisaYang张...,1991/中国台湾/剧情犯罪,8.9,204766人评价,弱者送给弱者的一刀。,https://img9.doubanio.com/view/photo/s_ratio_poster/public/p848381236.jpg,0.87907
210,遗愿清单,导演:罗伯・莱纳RobReiner主演:杰克・尼科尔森JackNicholson摩根...,2007/美国/冒险喜剧剧情,8.7,309411人评价,用剩余不多的时间，去燃烧整个生命。,https://img1.doubanio.com/view/photo/s_ratio_poster/public/p1481879628.jpg,0.78751
211,大佛普拉斯,导演:黄信尧Hsin-yaoHuang主演:庄益增YizengZhuang陈竹NChu-sh...,2017/中国台湾/剧情喜剧,8.7,315037人评价,人们可以登上月球，却永远无法探索人们内心的宇宙。,https://img2.doubanio.com/view/photo/s_ratio_poster/public/p2505928032.jpg,0.86391
212,新龙门客栈,导演:李惠民RaymondLee主演:张曼玉MaggieCheung林青霞Brigitte...,1992/中国香港中国大陆/动作爱情武侠古装,8.6,348766人评价,嬉笑怒骂，调风动月。,https://img1.doubanio.com/view/photo/s_ratio_poster/public/p1421018669.jpg,0.86107
213,源代码,导演:邓肯・琼斯DuncanJones主演:杰克・吉伦哈尔JakeGyllenhaal...,2011/美国加拿大/科幻悬疑惊悚,8.5,653126人评价,邓肯・琼斯继《月球》之后再度奉献出一部精彩绝伦的科幻佳作。,https://img9.doubanio.com/view/photo/s_ratio_poster/public/p988260245.jpg,0.80924
214,青蛇,导演:徐克HarkTsui主演:张曼玉MaggieCheung王祖贤JoeyWang...,1993/中国香港中国大陆/剧情爱情奇幻古装,8.6,405554人评价,人生如此，浮生如斯。谁人言，花彼岸，此生情长意短。谁都是不懂爱的罢了。,https://img2.doubanio.com/view/photo/s_ratio_poster/public/p2570901292.jpg,0.83259
215,海洋,导演:雅克・贝汉JacquesPerrin雅克・克鲁奥德JacquesCluzaud主演:...,2009/法国瑞士西班牙美国阿联酋/纪录片,9.1,136635人评价,大海啊，不全是水。,https://img9.doubanio.com/view/photo/s_ratio_poster/public/p2559581324.jpg,0.82656
216,燃情岁月,导演:爱德华・兹威克EdwardZwick主演:布拉德・皮特BradPitt安东...,1994/美国/剧情爱情战争西部,8.8,232192人评价,传奇，不是每个人都可以拥有。,https://img1.doubanio.com/view/photo/s_ratio_poster/public/p1023654037.jpg,0.90158
217,无耻混蛋,导演:QuentinTarantino主演:布拉德・皮特BradPitt梅拉尼・罗兰M...,2009/德国美国/剧情犯罪,8.6,378934人评价,昆汀同学越来越变态了，比北野武还杜琪峰。,https://img1.doubanio.com/view/photo/s_ratio_poster/public/p2575043939.jpg,0.80949
218,疯狂的麦克斯4：狂暴之路,导演:乔治・米勒GeorgeMiller主演:汤姆・哈迪TomHardy查理兹・塞...,2015/澳大利亚南非美国/动作科幻冒险,8.6,409229人评价,“多么美好的一天！”轰轰轰砰咚，啪哒哒哒轰隆隆，磅~,https://img2.doubanio.com/view/photo/s_ratio_poster/public/p2236181653.jpg,0.77497
219,血钻,导演:爱德华・兹威克EdwardZwick主演:莱昂纳多・迪卡普里奥Leonardo...,2006/美国德国英国/剧情惊悚冒险,8.7,286097人评价,每个美丽事物背后都是滴血的现实。,https://img2.doubanio.com/view/photo/s_ratio_poster/public/p1244017073.jpg,0.79377
220,穿越时空的少女,导演:细田守MamoruHosoda主演:仲里依纱RiisaNaka石田卓也Takuya...,2006/日本/剧情爱情科幻动画,8.6,316045人评价,爱上未来的你。 ,https://img9.doubanio.com/view/photo/s_ratio_poster/public/p2079334286.jpg,0.89163
221,步履不停,导演:是枝裕和HirokazuKoreeda主演:阿部宽HiroshiAbe夏川结衣Yu...,2008/日本/剧情家庭,8.8,206945人评价,日本的家庭电影已经是世界巅峰了，步履不停是巅峰中的佳作。,https://img1.doubanio.com/view/photo/s_ratio_poster/public/p2375245718.jpg,0.89892
222,谍影重重2,导演:保罗・格林格拉斯PaulGreengrass主演:马特・达蒙MattDamon...,2004/美国德国/动作悬疑惊悚,8.7,283469人评价,谁说王家卫镜头很晃？,https://img9.doubanio.com/view/photo/s_ratio_poster/public/p667644866.jpg,0.82855
223,阿飞正传,导演:王家卫KarWaiWong主演:张国荣LeslieCheung张曼玉MaggieC...,1990/中国香港/犯罪剧情爱情,8.5,393154人评价,王家卫是一种风格，张国荣是一个代表。,https://img2.doubanio.com/view/photo/s_ratio_poster/public/p2525770523.jpg,0.81679
224,地球上的星星,导演:阿米尔・汗AamirKhan主演:达席尔・萨法瑞DarsheelSafary阿...,2007/印度/剧情儿童家庭,8.9,165476人评价,天使保护事件始末。,https://img9.doubanio.com/view/photo/s_ratio_poster/public/p1973489335.jpg,0.90951
225,彗星来的那一夜,导演:詹姆斯・沃德・布柯特JamesWardByrkit主演:艾米丽・芭尔多尼Em...,2013/美国英国/科幻悬疑惊悚,8.5,407534人评价,小成本大魅力。,https://img9.doubanio.com/view/photo/s_ratio_poster/public/p2187896734.jpg,0.77183
226,战争之王,导演:安德鲁・尼科尔AndrewNiccol主演:尼古拉斯・凯奇NicolasCage...,2005/美国法国/剧情犯罪,8.7,281471人评价,做一颗让别人需要你的棋子。,https://img3.doubanio.com/view/photo/s_ratio_poster/public/p792282381.jpg,0.78549
227,完美陌生人,导演:保罗・格诺维瑟PaoloGenovese主演:马可・贾利尼MarcoGiallini...,2016/意大利/剧情喜剧,8.5,435327人评价,来啊，互相伤害啊！,https://img9.doubanio.com/view/photo/s_ratio_poster/public/p2522331945.jpg,0.84534
228,香水,导演:汤姆・提克威TomTykwer主演:本・卫肖BenWhishaw艾伦・瑞克...,2006/德国法国西班牙美国/剧情犯罪奇幻,8.5,450883人评价,一个单凭体香达到高潮的男人。,https://img2.doubanio.com/view/photo/s_ratio_poster/public/p2571500223.jpg,0.85336
229,谍影重重,导演:道格・里曼DougLiman主演:马特・达蒙MattDamon弗兰卡・波坦...,2002/美国德国捷克/动作悬疑惊悚,8.6,338660人评价,哗啦啦啦啦，天在下雨，哗啦啦啦啦，云在哭泣……找自己。,https://img3.doubanio.com/view/photo/s_ratio_poster/public/p1597183981.jpg,0.82677
230,朗读者,导演:史蒂芬・戴德利StephenDaldry主演:凯特・温丝莱特KateWinslet...,2008/美国德国/剧情爱情,8.6,388588人评价,当爱情跨越年龄的界限，它似乎能变得更久远一点，成为一种责任，一种水到渠成的相濡以沫。 ,https://img1.doubanio.com/view/photo/s_ratio_poster/public/p1140984198.jpg,0.81091
231,东京物语,导演:小津安二郎Yasujir?Ozu主演:笠智众Chish?Ry?原节...,1953/日本/剧情家庭,9.2,103104人评价,东京那么大，如果有一天走失了，恐怕一辈子不能再相见。,https://img9.doubanio.com/view/photo/s_ratio_poster/public/p1925331564.jpg,0.87398
232,千钧一发,导演:安德鲁・尼科尔AndrewNiccol主演:伊桑・霍克EthanHawke乌玛...,1997/美国/剧情科幻惊悚,8.8,202416人评价,一部能引人思考的科幻励志片。,https://img9.doubanio.com/view/photo/s_ratio_poster/public/p2195672555.jpg,0.83851
233,再次出发之纽约遇见你,导演:约翰・卡尼JohnCarney主演:凯拉・奈特莉KeiraKnightley马克...,2013/美国/喜剧爱情音乐,8.6,335836人评价,爱我就给我看你的播放列表。,https://img2.doubanio.com/view/photo/s_ratio_poster/public/p2250287733.jpg,0.88956
234,猜火车,导演:丹尼・博伊尔DannyBoyle主演:伊万・麦克格雷格EwanMcGregor...,1996/英国/剧情犯罪,8.5,354991人评价,不可猜的青春迷笛。 ,https://img1.doubanio.com/view/photo/s_ratio_poster/public/p513567548.jpg,0.78098
235,驴得水,导演:周申ShenZhou刘露LuLiu主演:任素汐SuxiRen大力DaLi...,2016/中国大陆/剧情喜剧,8.3,731136人评价,过去的如果就让它过去了，未来只会越来越糟！,https://img3.doubanio.com/view/photo/s_ratio_poster/public/p2393044761.jpg,0.84925
236,黑客帝国2：重装上阵,导演:AndyWachowskiLarryWachowski主演:基努・里维斯KeanuReeves...,2003/美国澳大利亚/动作科幻,8.6,294922人评价,一个精彩的世界观正在缓缓建立。,https://img3.doubanio.com/view/photo/s_ratio_poster/public/p443461390.jpg,0.79546
237,浪潮,导演:丹尼斯・甘塞尔DennisGansel主演:尤尔根・沃格尔JürgenVogel...,2008/德国/剧情惊悚,8.7,218933人评价,世界离独裁只有五天。,https://img2.doubanio.com/view/photo/s_ratio_poster/public/p1344888983.jpg,0.87479
238,我爱你,导演:秋昌民Chang-minChoo主演:宋在河Jae-hoSong李顺载Soon-jae...,2011/韩国/剧情爱情,9.1,125953人评价,你要相信，这世上真的有爱存在，不管在什么年纪 ,https://img1.doubanio.com/view/photo/s_ratio_poster/public/p1075591188.jpg,0.80341
239,聚焦,导演:托马斯・麦卡锡ThomasMcCarthy主演:马克・鲁弗洛MarkRuffalo...,2015/美国/剧情传记,8.8,226234人评价,新闻人的理性求真。,https://img1.doubanio.com/view/photo/s_ratio_poster/public/p2263822658.jpg,0.89088
240,小萝莉的猴神大叔,导演:卡比尔・汗KabirKhan主演:萨尔曼・汗SalmanKhan哈莎莉・马...,2015/印度/剧情喜剧动作,8.4,394216人评价,宝莱坞的萝莉与大叔。,https://img9.doubanio.com/view/photo/s_ratio_poster/public/p2510956726.jpg,0.91158
241,追随,导演:克里斯托弗・诺兰ChristopherNolan主演:杰里米・西奥伯德Jeremy...,1998/英国/犯罪悬疑惊悚,8.9,146190人评价,诺兰的牛逼来源于内心散发出的恐惧。,https://img3.doubanio.com/view/photo/s_ratio_poster/public/p2561545031.jpg,0.85843
242,黑鹰坠落,导演:雷德利・斯科特RidleyScott主演:乔什・哈奈特JoshHartnett...,2001/美国英国/动作历史战争,8.7,233291人评价,还原真实而残酷的战争。,https://img3.doubanio.com/view/photo/s_ratio_poster/public/p1910900710.jpg,0.84173
